username,curada,n_eventos_aprobados,geoZone,artType,institutionType,culturalIdentity,parentInstitution,photoPermission
lecarreaudutemple,False,64,con dato,con dato,con dato,con dato,con dato,None
calisabor_salsa_calena,True,39,con dato,con dato,con dato,con dato,con dato,None
alianzafrancesademedellin,False,24,vacío,vacío,vacío,vacío,vacío,None
cinemaconcorde,True,20,con dato,con dato,con dato,con dato,con dato,None
consuladocolparis,False,19,vacío,vacío,vacío,vacío,vacío,None
francy_barahona_calisabor,True,17,con dato,con dato,con dato,con dato,con dato,None
alianza_francesa_de_pereira,False,13,vacío,vacío,vacío,vacío,vacío,None
educulturaco,True,12,con dato,vacío,vacío,vacío,vacío,None
festivalclap,False,12,vacío,vacío,vacío,vacío,vacío,None
saveurs_mexique,True,11,con dato,con dato,con dato,con dato,con dato,None
gaitelyrique,True,11,con dato,con dato,con dato,con dato,con dato,None
ivan_argote,False,11,vacío,vacío,vacío,vacío,vacío,None
sortiraparis.officiel,False,11,con dato,con dato,con dato,con dato,con dato,None
pac_colibri,True,10,con dato,con dato,con dato,con dato,con dato,None
academiamaritzaarizala,True,10,con dato,con dato,con dato,con dato,con dato,None
alianzafrancesacali,False,10,vacío,vacío,vacío,vacío,vacío,None
eecufrancia,False,10,vacío,vacío,vacío,vacío,vacío,None
embachilefrancia,False,10,vacío,vacío,vacío,vacío,vacío,None
culture_gouv,True,9,con dato,con dato,con dato,con dato,con dato,None
alexjatetxea,False,9,vacío,vacío,vacío,vacío,vacío,None
alianzafrancesamanizalesoficia,False,9,vacío,vacío,vacío,vacío,vacío,None
colombianosune,False,9,con dato,vacío,vacío,vacío,vacío,None
if_colombie,False,9,vacío,vacío,vacío,vacío,vacío,None
dichaparis,False,9,vacío,vacío,vacío,vacío,vacío,None
arg_enfrancia,False,9,vacío,vacío,vacío,vacío,vacío,None
grulacunesco,False,9,vacío,vacío,vacío,vacío,vacío,None
atelier_librairie,True,9,con dato,con dato,con dato,con dato,con dato,None
la_villette,True,8,con dato,con dato,con dato,con dato,con dato,None
lacasadelpandebonoparisfr,True,8,con dato,con dato,con dato,con dato,con dato,None
ademarbritto,False,8,vacío,vacío,vacío,vacío,vacío,None
afbogota,False,8,vacío,vacío,vacío,vacío,vacío,None
el_man_de_los_chorizos,False,8,vacío,vacío,vacío,vacío,vacío,None
embacubafrancia,False,8,vacío,vacío,vacío,vacío,vacío,None
embaguafr,False,8,vacío,vacío,vacío,vacío,vacío,None
embajadadehondurasenfrancia,False,8,vacío,vacío,vacío,vacío,vacío,None
american_cosmograph,True,8,con dato,con dato,con dato,con dato,con dato,None
maisondesmetallos,False,8,vacío,vacío,vacío,vacío,vacío,None
operadeparis,False,8,vacío,vacío,vacío,vacío,vacío,None
atelierartistesexil,True,8,con dato,con dato,con dato,con dato,con dato,None
ruedadecumbia.paris,True,8,con dato,con dato,con dato,con dato,con dato,None
cinemas_independants_parisiens,True,8,con dato,con dato,con dato,con dato,con dato,None
sorbonne_lettres_culture,True,7,con dato,con dato,con dato,con dato,con dato,None
pointephemere,True,7,con dato,con dato,con dato,con dato,con dato,None
cinemathequefr,True,7,con dato,con dato,con dato,con dato,con dato,None
festivalamerica,True,7,con dato,con dato,con dato,con dato,con dato,None
perrotin,True,7,con dato,con dato,con dato,con dato,con dato,None
costaricafrance,False,7,vacío,vacío,vacío,vacío,vacío,None
elcafelatino,True,7,con dato,vacío,vacío,vacío,vacío,None
loscumbiamberosdelsur,True,7,con dato,con dato,con dato,con dato,con dato,None
theatrechatelet,True,6,con dato,con dato,con dato,con dato,con dato,None
institutocervantesparis,True,6,con dato,con dato,con dato,con dato,con dato,None
theatresfr,True,6,con dato,con dato,con dato,con dato,con dato,None
alex.mor.e,False,6,vacío,vacío,vacío,vacío,vacío,None
francia_en_colombia,False,6,vacío,vacío,vacío,vacío,vacío,None
luismeyerp,False,6,vacío,vacío,vacío,vacío,vacío,None
embajadademexicoenfrancia,False,6,vacío,vacío,vacío,vacío,vacío,None
embpanamafra,False,6,vacío,vacío,vacío,vacío,vacío,None
lareguliere,False,6,vacío,vacío,vacío,vacío,vacío,None
le_grand_palais,True,6,con dato,con dato,con dato,con dato,con dato,None
quaibranly,True,6,con dato,con dato,con dato,con dato,con dato,None
ircam_paris,True,5,con dato,con dato,con dato,con dato,con dato,None
themuisca,True,5,con dato,con dato,con dato,con dato,con dato,None
abasehmirvali,False,5,vacío,vacío,vacío,vacío,vacío,None
alfonso_prada,False,5,vacío,vacío,vacío,vacío,vacío,None
campusfrancecolombia,False,5,vacío,vacío,vacío,vacío,vacío,None
cancilleriacol,False,5,vacío,vacío,vacío,vacío,vacío,None
embcolghana,False,5,vacío,vacío,vacío,vacío,vacío,None
iculturbolivar,False,5,vacío,vacío,vacío,vacío,vacío,None
cg_brasil_paris,False,5,vacío,vacío,vacío,vacío,vacío,None
consuladodelperuenparis,False,5,vacío,vacío,vacío,vacío,vacío,None
francediplo_es,False,5,vacío,vacío,vacío,vacío,vacío,None
assocolombianantes,True,5,con dato,con dato,con dato,con dato,con dato,None
festival_fil,True,5,con dato,con dato,con dato,con dato,con dato,None
ecumedespages,True,5,con dato,con dato,con dato,con dato,con dato,None
cinemalepeedebois,True,5,con dato,con dato,con dato,con dato,con dato,None
centrepompidou,True,5,con dato,con dato,con dato,con dato,con dato,None
theatrechaillot,True,5,con dato,con dato,con dato,con dato,con dato,None
pariscinemaclub,True,5,con dato,con dato,con dato,con dato,con dato,None
l_eloge_,True,5,con dato,con dato,con dato,con dato,con dato,None
ficep,True,4,con dato,con dato,con dato,con dato,con dato,None
mep.paris,True,4,con dato,con dato,con dato,con dato,con dato,None
transfugemagazine,False,4,con dato,con dato,con dato,con dato,con dato,None
culturespaces,True,4,con dato,con dato,con dato,con dato,con dato,None
pluralcafe.fr,True,4,con dato,con dato,con dato,con dato,con dato,None
institutdumondearabe,True,4,con dato,con dato,con dato,con dato,con dato,None
aecidcolombia,False,4,vacío,vacío,vacío,vacío,vacío,None
clmbiasays,False,4,vacío,vacío,vacío,vacío,vacío,None
daniel_giannone,False,4,vacío,vacío,vacío,vacío,vacío,None
paris.avec.accent,False,4,vacío,vacío,vacío,vacío,vacío,None
unadunioneuropea,False,4,vacío,vacío,vacío,vacío,vacío,None
bresilenfrance,False,4,vacío,vacío,vacío,vacío,vacío,None
iheal_creda,False,4,vacío,vacío,vacío,vacío,vacío,None
librairies_charlemagne,False,4,vacío,vacío,vacío,vacío,vacío,None
idemexparis,True,4,con dato,con dato,con dato,con dato,con dato,None
cinemassy,True,4,con dato,con dato,con dato,con dato,con dato,None
mucem_officiel,True,4,con dato,con dato,con dato,con dato,con dato,None
festivallarochellecinema,True,4,con dato,con dato,con dato,con dato,con dato,None
la_fab_officiel,False,4,vacío,vacío,vacío,vacío,vacío,None
silhouettefestival,False,4,vacío,vacío,vacío,vacío,vacío,None
theatredelatempete,False,4,vacío,vacío,vacío,vacío,vacío,None
cinemasgncr,True,4,con dato,con dato,con dato,con dato,con dato,None
forumdesimages,True,4,con dato,con dato,con dato,con dato,con dato,None
maison_mexique_ciup,True,3,con dato,con dato,con dato,con dato,con dato,None
miraartfair,True,3,con dato,con dato,con dato,con dato,con dato,None
librairiemillepages,True,3,con dato,con dato,con dato,con dato,con dato,None
afsven,False,3,vacío,vacío,vacío,vacío,vacío,None
alejam09,False,3,vacío,vacío,vacío,vacío,vacío,None
colombiaalaire,False,3,vacío,vacío,vacío,vacío,vacío,None
embsuizacolombia,False,3,vacío,vacío,vacío,vacío,vacío,None
harolg.duque,False,3,vacío,vacío,vacío,vacío,vacío,None
infopresidencia,False,3,vacío,vacío,vacío,vacío,vacío,None
jovesolidescolombia,False,3,vacío,vacío,vacío,vacío,vacío,None
morcharpentier,False,3,vacío,vacío,vacío,vacío,vacío,None
procolombiaco,False,3,vacío,vacío,vacío,vacío,vacío,None
sankofadanzafro,True,3,con dato,con dato,con dato,con dato,con dato,None
maisondelapoesie,True,3,con dato,con dato,con dato,con dato,con dato,None
artivistas.paris,True,3,con dato,con dato,con dato,con dato,con dato,None
espacioafro,True,3,con dato,con dato,con dato,con dato,con dato,None
cinema_abc,True,3,con dato,con dato,con dato,con dato,con dato,None
caroycuervo,False,3,vacío,vacío,vacío,vacío,vacío,None
editionslapeuplade,True,3,con dato,con dato,con dato,con dato,con dato,None
cnapfr,True,3,con dato,con dato,con dato,con dato,con dato,None
theatredelaville_paris,True,3,con dato,con dato,con dato,con dato,con dato,None
museelouvre,True,3,con dato,con dato,con dato,con dato,con dato,None
bassinesnonmerci,True,3,con dato,con dato,con dato,con dato,con dato,None
ecoledulouvre,True,3,con dato,con dato,con dato,con dato,con dato,None
laseinemusicale,True,3,con dato,con dato,con dato,con dato,con dato,None
editions_chandeigne,True,3,con dato,con dato,con dato,con dato,con dato,None
theatrebelleville,True,3,con dato,con dato,con dato,con dato,con dato,None
palaisdetokyo,True,3,con dato,con dato,con dato,con dato,con dato,None
3027.troismillevingtsept,True,3,con dato,con dato,con dato,con dato,con dato,None
cinematnb,True,3,con dato,con dato,con dato,con dato,con dato,None
opera_comique,True,3,con dato,con dato,con dato,con dato,con dato,None
oneculture.fr,True,2,con dato,con dato,con dato,con dato,con dato,None
mestizos.folklorecolombien,True,2,con dato,con dato,con dato,con dato,con dato,None
slpj_93,True,2,con dato,con dato,con dato,con dato,con dato,None
le_cnl,True,2,con dato,con dato,con dato,con dato,con dato,None
carlitos1cat,False,2,vacío,vacío,vacío,vacío,vacío,None
dr.art_mariaalexandragabriele,False,2,vacío,vacío,vacío,vacío,vacío,None
elcafetal.paris,False,2,vacío,vacío,vacío,vacío,vacío,None
hemisferioderecholegal,False,2,vacío,vacío,vacío,vacío,vacío,None
imt_colombia,False,2,vacío,vacío,vacío,vacío,vacío,None
la.coach.naty,False,2,vacío,vacío,vacío,vacío,vacío,None
minigualdadcol,False,2,vacío,vacío,vacío,vacío,vacío,None
ueencolombia,False,2,vacío,vacío,vacío,vacío,vacío,None
yolandavillavicenciom,False,2,vacío,vacío,vacío,vacío,vacío,None
embfrancia_ve,False,2,vacío,vacío,vacío,vacío,vacío,None
latinograff,True,2,con dato,con dato,con dato,con dato,con dato,None
fondationcartier,True,2,con dato,con dato,con dato,con dato,con dato,None
librairieledivan,True,2,con dato,con dato,con dato,con dato,con dato,None
bibliothequesorbonnenouvelle,True,2,con dato,con dato,con dato,con dato,con dato,None
lecastorastral,True,2,con dato,con dato,con dato,con dato,con dato,None
labellevilloise,True,2,con dato,con dato,con dato,con dato,con dato,None
jeudepaumeparis,True,2,con dato,con dato,con dato,con dato,con dato,None
citedessciences,True,2,con dato,con dato,con dato,con dato,con dato,None
9_9bismetaphone,True,2,con dato,con dato,con dato,con dato,con dato,None
paris_maville,True,2,con dato,con dato,con dato,con dato,con dato,None
bibliothequedepartementale13,True,2,con dato,con dato,con dato,con dato,con dato,None
cinema_arlequin,True,2,con dato,con dato,con dato,con dato,con dato,None
fetedesmortsaparis,True,2,con dato,con dato,con dato,con dato,con dato,None
editionsdivergences,True,2,con dato,con dato,con dato,con dato,con dato,None
festivalvovf,True,2,con dato,con dato,con dato,con dato,con dato,None
fondationusa,True,2,con dato,con dato,con dato,con dato,con dato,None
t2gennevilliers,True,2,con dato,con dato,con dato,con dato,con dato,None
_parisculture_,True,2,con dato,con dato,con dato,con dato,con dato,None
ina_institut,True,2,con dato,con dato,con dato,con dato,con dato,None
lesbelleslettreseditions,True,2,con dato,con dato,con dato,con dato,con dato,None
malakoffscenenationale,False,2,vacío,vacío,vacío,vacío,vacío,None
104paris,True,2,con dato,con dato,con dato,con dato,con dato,None
librairie_des_femmes,False,2,vacío,vacío,vacío,vacío,vacío,None
cultureespagne.fr,False,2,con dato,con dato,con dato,con dato,con dato,None
el_sofrito_del_viernes,True,2,con dato,con dato,con dato,con dato,con dato,None
autreamerique,True,2,con dato,con dato,con dato,con dato,con dato,None
holaqtaloff,True,1,con dato,con dato,con dato,con dato,con dato,None
partirenlivre,True,1,con dato,con dato,con dato,con dato,con dato,None
juntanzafemcolparis,True,1,con dato,con dato,con dato,con dato,con dato,None
cmariodavila,False,1,vacío,vacío,vacío,vacío,vacío,None
assascolombie_,False,1,vacío,vacío,vacío,vacío,vacío,None
dicha_la_tienda,False,1,vacío,vacío,vacío,vacío,vacío,None
efmapu,False,1,vacío,vacío,vacío,vacío,vacío,None
eimicolombiaoficial,False,1,vacío,vacío,vacío,vacío,vacío,None
estoescambio,False,1,vacío,vacío,vacío,vacío,vacío,None
hellengomezoficial,False,1,vacío,vacío,vacío,vacío,vacío,None
interlatina.medellin,False,1,vacío,vacío,vacío,vacío,vacío,None
latitud4podcast,True,1,con dato,vacío,vacío,vacío,vacío,None
luisnunezz,False,1,vacío,vacío,vacío,vacío,vacío,None
prosantamartav,False,1,vacío,vacío,vacío,vacío,vacío,None
registraduria,False,1,vacío,vacío,vacío,vacío,vacío,None
remaxmariavillasmil02,False,1,vacío,vacío,vacío,vacío,vacío,None
rosayolandavillavicencio,False,1,vacío,vacío,vacío,vacío,vacío,None
santoguichon888,False,1,vacío,vacío,vacío,vacío,vacío,None
wenacosta91,False,1,vacío,vacío,vacío,vacío,vacío,None
editionsflblb,True,1,con dato,con dato,con dato,con dato,con dato,None
librairie.le.renard.dore,True,1,con dato,con dato,con dato,con dato,con dato,None
redcomunitariatrans,True,1,con dato,con dato,con dato,con dato,con dato,None
lesmots.co,True,1,con dato,con dato,con dato,con dato,con dato,None
integre.asso,True,1,con dato,con dato,con dato,con dato,con dato,None
guayabo.co,True,1,con dato,con dato,con dato,con dato,con dato,None
lesarchescitoyennes,False,1,vacío,vacío,vacío,vacío,vacío,None
la.horde,False,1,con dato,con dato,con dato,con dato,con dato,None
le_theotheatre,True,1,con dato,con dato,con dato,con dato,con dato,None
editionsmemoiredencrier,True,1,con dato,con dato,con dato,con dato,con dato,None
ina.fr,True,1,con dato,con dato,con dato,con dato,con dato,None
mediatheque_pgx,True,1,con dato,con dato,con dato,con dato,con dato,None
folimage,True,1,con dato,con dato,con dato,con dato,con dato,None
rendezvousdelhistoire,True,1,con dato,con dato,con dato,con dato,con dato,None
editions.atlande,True,1,con dato,con dato,con dato,con dato,con dato,None
atelierdepariscdcn,True,1,con dato,con dato,con dato,con dato,con dato,None
terres_amerique,True,1,con dato,con dato,con dato,con dato,con dato,None
lacollinetheatrenational,True,1,con dato,con dato,con dato,con dato,con dato,None
editions_cambourakis,True,1,con dato,con dato,con dato,con dato,con dato,None
franceculture,True,1,con dato,con dato,con dato,con dato,con dato,None
edlianalevi,True,1,con dato,con dato,con dato,con dato,con dato,None
labnf,True,1,con dato,con dato,con dato,con dato,con dato,None
athenee.theatre,False,1,vacío,vacío,vacío,vacío,vacío,None
crrdeparis,True,1,con dato,con dato,con dato,con dato,con dato,None
compagnie_bestia,True,1,con dato,con dato,con dato,con dato,con dato,None
librairie_le_pied_a_terre,False,1,vacío,vacío,vacío,vacío,vacío,None
idyllesculturelles,False,1,con dato,con dato,con dato,con dato,con dato,None
casa.lando,True,1,con dato,con dato,con dato,con dato,con dato,None
lecfestival,True,1,con dato,con dato,con dato,con dato,con dato,None
_elperroqueladra,True,1,con dato,con dato,con dato,con dato,con dato,None
maisondufilm,False,1,vacío,vacío,vacío,vacío,vacío,None
quais_polar,True,1,con dato,con dato,con dato,con dato,con dato,None
connaissancedesarts,False,1,vacío,vacío,vacío,vacío,vacío,None
librairie_halldulivre,False,1,vacío,vacío,vacío,vacío,vacío,None
bibliothequesdemontreuil,True,1,con dato,con dato,con dato,con dato,con dato,None
editions_arpentsdesud,True,1,con dato,con dato,con dato,con dato,con dato,None
citeartsdelarue,True,1,con dato,con dato,con dato,con dato,con dato,None
mediathequevillemursurtarn,True,1,con dato,con dato,con dato,con dato,con dato,None
librairielalternative,False,1,vacío,vacío,vacío,vacío,vacío,None
le.temps.dun.livre,True,1,con dato,con dato,con dato,con dato,con dato,None
editionsdelaigretteofficiel,True,1,con dato,con dato,con dato,con dato,con dato,None
